{"cameraMode":{"drawMode":0,"name":"Shaded","section":"Shading Mode"},"sceneLighting":false,"audioPlay":false,"sceneViewState":{"showFog":true,"showMaterialUpdate":false,"showSkybox":true,"showFlares":true,"showImageEffects":true,"showParticleSystems":true},"in2DMode":false,"pivot":{"x":-0.17842857539653779,"y":4.861896514892578,"z":-1.2800681591033936},"rotation":{"x":0.017616692930459977,"y":0.09045923501253128,"z":0.0015999042661860586,"w":-0.9957441091537476},"size":2.3715765476226808,"orthographic":false}